<?xml version="1.0" encoding="UTF-8"?>
<plugin>
  <name>Twitch Login Plugin</name>
  <author>BangingHeads</author>
<!-- Feel free to include your github repo here -->
  <website>https://www.github.com/bangingheads/UserSpiceTwitchOAuth</website>

<!-- the version of the plugin iteself -->
  <version>1.0.3</version>

<!-- release date of THIS version -->
  <release>December 22, 2020</release>

<!-- the last version of UserSpice you tested the plugin with -->
  <tested>5.2.2</tested>

<!-- What does your plugin do? -->
  <description>This plugin allows you to login via Twitch OAuth.</description>

  <!-- This is the launch button in the plugin manager. If it is blank or missing, Configure Plugin will show up. -->
    <button>Configure Twitch</button>
</plugin>
